https://www.navitime.co.jp/poi?spt=06129.1003&from=view.category.name,カレコ・カーシェアリングクラブ リパーク大森北3丁目第2
https://www.navitime.co.jp/poi?spt=06129.1007&from=view.category.name,カレコ・カーシェアリングクラブ リパーク目黒中町1丁目(自転車可)
https://www.navitime.co.jp/poi?spt=06129.101&from=view.category.name,カレコ・カーシェアリングクラブ 南大井3丁目第1
https://www.navitime.co.jp/poi?spt=06129.1013&from=view.category.name,カレコ・カーシェアリングクラブ 砧6丁目第1
https://www.navitime.co.jp/poi?spt=06129.1014&from=view.category.name,カレコ・カーシェアリングクラブ 砧6丁目第2
https://www.navitime.co.jp/poi?spt=06129.1016&from=view.category.name,カレコ・カーシェアリングクラブ リパーク北砂3丁目
https://www.navitime.co.jp/poi?spt=06129.1017&from=view.category.name,カレコ・カーシェアリングクラブ リパーク南千住5丁目第3(自転車可)
https://www.navitime.co.jp/poi?spt=06129.1018&from=view.category.name,カレコ・カーシェアリングクラブ リパーク赤羽鳳(自転車可)
https://www.navitime.co.jp/poi?spt=06129.1019&from=view.category.name,カレコ・カーシェアリングクラブ リパーク赤羽1丁目第3(自転車可)
https://www.navitime.co.jp/poi?spt=06129.1022&from=view.category.name,カレコ・カーシェアリングクラブ リパーク浮間3丁目(自転車可)
https://www.navitime.co.jp/poi?spt=06129.1023&from=view.category.name,カレコ・カーシェアリングクラブ リパーク中野本町5丁目第2(自転車可)
